business_id,business_name,email,business_type,city,num_products
B0001,First Food & Beverage LLC #1,contact1@business1.com,retail,Chicago,500
B0002,National Sports Co #2,contact2@business2.com,distributor,Seattle,500
B0003,Metro Electronics Solutions #3,contact3@business3.com,distributor,San Jose,500
B0004,National Home & Garden Group #4,contact4@business4.com,distributor,Chicago,500
B0005,United Office Supplies Enterprises #5,contact5@business5.com,online,Denver,500
B0006,Elite Automotive Inc #6,contact6@business6.com,retail,Austin,500
B0007,Elite Clothing Group #7,contact7@business7.com,manufacturer,Chicago,500
B0008,National Automotive Enterprises #8,contact8@business8.com,distributor,Indianapolis,500
B0009,First Automotive LLC #9,contact9@business9.com,wholesale,San Jose,500
B0010,Metro Office Supplies Enterprises #10,contact10@business10.com,retail,Chicago,500
B0011,United Automotive Enterprises #11,contact11@business11.com,retail,Washington DC,500
B0012,United Food & Beverage Group #12,contact12@business12.com,distributor,Los Angeles,500
B0013,Elite Food & Beverage Enterprises #13,contact13@business13.com,online,Denver,500
B0014,Premier Automotive Corp #14,contact14@business14.com,manufacturer,Los Angeles,500
B0015,Global Food & Beverage LLC #15,contact15@business15.com,online,Columbus,500
B0016,United Office Supplies Inc #16,contact16@business16.com,online,Charlotte,500
B0017,Elite Beauty Enterprises #17,contact17@business17.com,wholesale,Washington DC,500
B0018,Premier Sports Enterprises #18,contact18@business18.com,manufacturer,San Antonio,500
B0019,United Beauty Corp #19,contact19@business19.com,retail,Jacksonville,500
B0020,Premier Automotive Solutions #20,contact20@business20.com,manufacturer,San Jose,500
B0021,Elite Toys LLC #21,contact21@business21.com,manufacturer,Columbus,500
B0022,First Office Supplies Corp #22,contact22@business22.com,retail,Austin,500
B0023,Elite Automotive Enterprises #23,contact23@business23.com,online,San Francisco,500
B0024,First Electronics Corp #24,contact24@business24.com,distributor,San Diego,500
B0025,United Home & Garden LLC #25,contact25@business25.com,retail,San Jose,500
B0026,Elite Clothing LLC #26,contact26@business26.com,manufacturer,Chicago,500
B0027,Metro Food & Beverage Co #27,contact27@business27.com,online,Indianapolis,500
B0028,Premier Clothing Solutions #28,contact28@business28.com,retail,Fort Worth,500
B0029,Elite Automotive Inc #29,contact29@business29.com,distributor,Los Angeles,500
B0030,Premier Automotive Enterprises #30,contact30@business30.com,wholesale,San Diego,500
B0031,National Toys Enterprises #31,contact31@business31.com,wholesale,Chicago,500
B0032,Global Automotive LLC #32,contact32@business32.com,retail,Austin,500
B0033,Global Beauty Co #33,contact33@business33.com,retail,Houston,500
B0034,Premier Electronics Enterprises #34,contact34@business34.com,retail,Philadelphia,500
B0035,Elite Electronics LLC #35,contact35@business35.com,wholesale,Jacksonville,500
B0036,Elite Beauty Co #36,contact36@business36.com,retail,San Diego,500
B0037,Premier Office Supplies Group #37,contact37@business37.com,retail,Phoenix,500
B0038,Metro Sports Enterprises #38,contact38@business38.com,wholesale,Fort Worth,500
B0039,Elite Toys Solutions #39,contact39@business39.com,distributor,San Antonio,500
B0040,United Home & Garden Group #40,contact40@business40.com,online,Los Angeles,500
B0041,Global Automotive Enterprises #41,contact41@business41.com,retail,Charlotte,500
B0042,Elite Sports Group #42,contact42@business42.com,wholesale,Phoenix,500
B0043,First Food & Beverage Co #43,contact43@business43.com,retail,Dallas,500
B0044,United Toys Inc #44,contact44@business44.com,retail,Phoenix,500
B0045,Global Clothing Co #45,contact45@business45.com,distributor,Dallas,500
B0046,Metro Beauty Solutions #46,contact46@business46.com,distributor,Denver,500
B0047,National Beauty LLC #47,contact47@business47.com,distributor,New York,500
B0048,Metro Electronics Inc #48,contact48@business48.com,manufacturer,Columbus,500
B0049,First Electronics Group #49,contact49@business49.com,wholesale,Phoenix,500
B0050,First Automotive Corp #50,contact50@business50.com,manufacturer,Charlotte,500
B0051,Elite Office Supplies Co #51,contact51@business51.com,manufacturer,Indianapolis,500
B0052,Global Automotive Co #52,contact52@business52.com,manufacturer,New York,500
B0053,National Books Group #53,contact53@business53.com,distributor,San Antonio,500
B0054,Elite Beauty Inc #54,contact54@business54.com,distributor,Columbus,500
B0055,National Beauty Enterprises #55,contact55@business55.com,manufacturer,Indianapolis,500
B0056,United Automotive LLC #56,contact56@business56.com,retail,Los Angeles,500
B0057,Premier Sports Inc #57,contact57@business57.com,online,Washington DC,500
B0058,Global Food & Beverage Corp #58,contact58@business58.com,manufacturer,Dallas,500
B0059,Global Sports Solutions #59,contact59@business59.com,online,Philadelphia,500
B0060,First Electronics Enterprises #60,contact60@business60.com,retail,Seattle,500
B0061,United Automotive Corp #61,contact61@business61.com,online,San Antonio,500
B0062,First Automotive Corp #62,contact62@business62.com,distributor,Indianapolis,500
B0063,Global Office Supplies Co #63,contact63@business63.com,manufacturer,Charlotte,500
B0064,Elite Clothing Solutions #64,contact64@business64.com,retail,Fort Worth,500
B0065,Elite Home & Garden Co #65,contact65@business65.com,retail,Columbus,500
B0066,National Toys Group #66,contact66@business66.com,manufacturer,Philadelphia,500
B0067,Premier Clothing Group #67,contact67@business67.com,retail,San Antonio,500
B0068,First Office Supplies Enterprises #68,contact68@business68.com,retail,Phoenix,500
B0069,National Electronics LLC #69,contact69@business69.com,retail,Denver,500
B0070,Metro Food & Beverage Group #70,contact70@business70.com,retail,New York,500
B0071,Elite Clothing LLC #71,contact71@business71.com,retail,San Antonio,500
B0072,First Clothing Enterprises #72,contact72@business72.com,wholesale,San Diego,500
B0073,Metro Automotive Co #73,contact73@business73.com,distributor,San Jose,500
B0074,United Books Enterprises #74,contact74@business74.com,retail,Chicago,500
B0075,National Home & Garden Enterprises #75,contact75@business75.com,distributor,Phoenix,500
B0076,Elite Home & Garden Group #76,contact76@business76.com,manufacturer,Houston,500
B0077,Metro Electronics Group #77,contact77@business77.com,online,San Francisco,500
B0078,Elite Electronics Enterprises #78,contact78@business78.com,distributor,San Jose,500
B0079,Global Toys Enterprises #79,contact79@business79.com,online,Houston,500
B0080,Premier Office Supplies Solutions #80,contact80@business80.com,distributor,New York,500
B0081,Global Books Enterprises #81,contact81@business81.com,wholesale,Houston,500
B0082,National Beauty LLC #82,contact82@business82.com,online,Fort Worth,500
B0083,Global Beauty Group #83,contact83@business83.com,online,Houston,500
B0084,First Clothing Enterprises #84,contact84@business84.com,retail,Austin,500
B0085,Metro Sports Corp #85,contact85@business85.com,manufacturer,Phoenix,500
B0086,National Food & Beverage Co #86,contact86@business86.com,distributor,San Francisco,500
B0087,Elite Food & Beverage Enterprises #87,contact87@business87.com,distributor,Fort Worth,500
B0088,Premier Sports Group #88,contact88@business88.com,distributor,Chicago,500
B0089,First Electronics Inc #89,contact89@business89.com,online,Seattle,500
B0090,Metro Office Supplies Co #90,contact90@business90.com,distributor,Austin,500
B0091,Elite Automotive Group #91,contact91@business91.com,wholesale,Seattle,500
B0092,National Clothing Corp #92,contact92@business92.com,manufacturer,Washington DC,500
B0093,United Automotive Enterprises #93,contact93@business93.com,retail,San Jose,500
B0094,Premier Books Group #94,contact94@business94.com,distributor,Philadelphia,500
B0095,Metro Beauty Inc #95,contact95@business95.com,retail,Los Angeles,500
B0096,Metro Food & Beverage Enterprises #96,contact96@business96.com,online,Charlotte,500
B0097,Elite Home & Garden Group #97,contact97@business97.com,online,Austin,500
B0098,First Clothing Enterprises #98,contact98@business98.com,distributor,Houston,500
B0099,Premier Beauty Inc #99,contact99@business99.com,wholesale,Jacksonville,500
B0100,First Food & Beverage Enterprises #100,contact100@business100.com,manufacturer,Houston,500
B0101,United Sports Corp #101,contact101@business101.com,manufacturer,Indianapolis,500
B0102,Premier Clothing LLC #102,contact102@business102.com,wholesale,Philadelphia,500
B0103,First Office Supplies Corp #103,contact103@business103.com,manufacturer,Phoenix,500
B0104,National Clothing Inc #104,contact104@business104.com,online,Seattle,500
B0105,Metro Clothing Corp #105,contact105@business105.com,manufacturer,Jacksonville,500
B0106,First Toys Inc #106,contact106@business106.com,manufacturer,Washington DC,500
B0107,United Food & Beverage Group #107,contact107@business107.com,manufacturer,San Francisco,500
B0108,Premier Sports Group #108,contact108@business108.com,manufacturer,Austin,500
B0109,First Home & Garden Co #109,contact109@business109.com,online,Charlotte,500
B0110,First Beauty Inc #110,contact110@business110.com,distributor,Phoenix,500
B0111,Elite Sports Enterprises #111,contact111@business111.com,online,Los Angeles,500
B0112,Metro Books Solutions #112,contact112@business112.com,online,Phoenix,500
B0113,United Toys Enterprises #113,contact113@business113.com,wholesale,Indianapolis,500
B0114,United Clothing Co #114,contact114@business114.com,retail,Dallas,500
B0115,United Automotive Co #115,contact115@business115.com,distributor,Jacksonville,500
B0116,Elite Office Supplies Corp #116,contact116@business116.com,distributor,San Diego,500
B0117,Premier Home & Garden Corp #117,contact117@business117.com,retail,San Francisco,500
B0118,Premier Books Corp #118,contact118@business118.com,distributor,Austin,500
B0119,Elite Food & Beverage Inc #119,contact119@business119.com,wholesale,Phoenix,500
B0120,United Automotive LLC #120,contact120@business120.com,wholesale,Houston,500
B0121,Metro Beauty Enterprises #121,contact121@business121.com,retail,Chicago,500
B0122,First Office Supplies LLC #122,contact122@business122.com,distributor,Indianapolis,500
B0123,National Food & Beverage Group #123,contact123@business123.com,wholesale,Charlotte,500
B0124,Global Clothing Corp #124,contact124@business124.com,retail,San Diego,500
B0125,Elite Home & Garden LLC #125,contact125@business125.com,manufacturer,Charlotte,500
B0126,Global Sports Enterprises #126,contact126@business126.com,retail,Austin,500
B0127,Metro Clothing Corp #127,contact127@business127.com,wholesale,San Francisco,500
B0128,First Automotive Group #128,contact128@business128.com,wholesale,Fort Worth,500
B0129,First Toys Group #129,contact129@business129.com,retail,Philadelphia,500
B0130,National Home & Garden Solutions #130,contact130@business130.com,distributor,San Antonio,500
B0131,Premier Sports Co #131,contact131@business131.com,online,Houston,500
B0132,United Electronics Solutions #132,contact132@business132.com,manufacturer,Phoenix,500
B0133,Global Home & Garden Inc #133,contact133@business133.com,retail,Indianapolis,500
B0134,United Electronics LLC #134,contact134@business134.com,wholesale,Dallas,500
B0135,Elite Books Enterprises #135,contact135@business135.com,wholesale,Jacksonville,500
B0136,First Toys Solutions #136,contact136@business136.com,online,Dallas,500
B0137,United Beauty Co #137,contact137@business137.com,online,Chicago,500
B0138,Elite Clothing Inc #138,contact138@business138.com,online,New York,500
B0139,First Clothing Group #139,contact139@business139.com,online,New York,500
B0140,Global Books Co #140,contact140@business140.com,online,Columbus,500
B0141,Metro Electronics Enterprises #141,contact141@business141.com,online,San Jose,500
B0142,First Toys Enterprises #142,contact142@business142.com,retail,San Jose,500
B0143,Premier Books Corp #143,contact143@business143.com,distributor,Jacksonville,500
B0144,National Food & Beverage LLC #144,contact144@business144.com,distributor,Jacksonville,500
B0145,Premier Beauty Co #145,contact145@business145.com,retail,Chicago,500
B0146,United Food & Beverage Enterprises #146,contact146@business146.com,manufacturer,San Antonio,500
B0147,Metro Food & Beverage LLC #147,contact147@business147.com,wholesale,Denver,500
B0148,First Clothing Co #148,contact148@business148.com,manufacturer,Washington DC,500
B0149,National Sports Enterprises #149,contact149@business149.com,wholesale,Columbus,500
B0150,Premier Sports Solutions #150,contact150@business150.com,retail,Los Angeles,500
B0151,Elite Electronics Group #151,contact151@business151.com,online,Phoenix,500
B0152,National Sports Solutions #152,contact152@business152.com,online,Fort Worth,500
B0153,Premier Electronics Solutions #153,contact153@business153.com,manufacturer,Columbus,500
B0154,Metro Books Co #154,contact154@business154.com,wholesale,Seattle,500
B0155,Metro Beauty Solutions #155,contact155@business155.com,distributor,Philadelphia,500
B0156,First Electronics Co #156,contact156@business156.com,distributor,Fort Worth,500
B0157,National Toys Corp #157,contact157@business157.com,online,Columbus,500
B0158,National Office Supplies Enterprises #158,contact158@business158.com,manufacturer,Houston,500
B0159,First Beauty Inc #159,contact159@business159.com,retail,Charlotte,500
B0160,Elite Automotive LLC #160,contact160@business160.com,manufacturer,Fort Worth,500
B0161,First Electronics Inc #161,contact161@business161.com,wholesale,Philadelphia,500
B0162,Premier Clothing Co #162,contact162@business162.com,retail,Denver,500
B0163,First Electronics Group #163,contact163@business163.com,manufacturer,Dallas,500
B0164,Metro Office Supplies Co #164,contact164@business164.com,manufacturer,New York,500
B0165,National Books Group #165,contact165@business165.com,distributor,Los Angeles,500
B0166,Metro Clothing Inc #166,contact166@business166.com,online,Philadelphia,500
B0167,First Home & Garden Enterprises #167,contact167@business167.com,online,Denver,500
B0168,First Clothing Enterprises #168,contact168@business168.com,online,Los Angeles,500
B0169,Premier Beauty Co #169,contact169@business169.com,distributor,San Francisco,500
B0170,United Toys Inc #170,contact170@business170.com,online,San Jose,500
B0171,United Office Supplies Co #171,contact171@business171.com,online,Fort Worth,500
B0172,Elite Beauty LLC #172,contact172@business172.com,manufacturer,Charlotte,500
B0173,Elite Toys Solutions #173,contact173@business173.com,distributor,Indianapolis,500
B0174,United Electronics Group #174,contact174@business174.com,manufacturer,San Diego,500
B0175,Metro Toys LLC #175,contact175@business175.com,distributor,Jacksonville,500
B0176,United Office Supplies Group #176,contact176@business176.com,distributor,Columbus,500
B0177,Premier Sports LLC #177,contact177@business177.com,online,Dallas,500
B0178,First Food & Beverage Enterprises #178,contact178@business178.com,online,Los Angeles,500
B0179,United Beauty Enterprises #179,contact179@business179.com,online,Denver,500
B0180,Premier Beauty Group #180,contact180@business180.com,retail,Charlotte,500
B0181,Elite Beauty Co #181,contact181@business181.com,online,Austin,500
B0182,Global Sports Group #182,contact182@business182.com,manufacturer,San Jose,500
B0183,Premier Home & Garden Solutions #183,contact183@business183.com,online,San Jose,500
B0184,National Beauty Corp #184,contact184@business184.com,retail,Fort Worth,500
B0185,First Books Co #185,contact185@business185.com,retail,Los Angeles,500
B0186,United Beauty Group #186,contact186@business186.com,wholesale,Jacksonville,500
B0187,Premier Beauty Group #187,contact187@business187.com,manufacturer,Jacksonville,500
B0188,Global Electronics LLC #188,contact188@business188.com,online,Denver,500
B0189,Metro Beauty Corp #189,contact189@business189.com,online,Charlotte,500
B0190,Premier Home & Garden Co #190,contact190@business190.com,distributor,Philadelphia,500
B0191,Global Beauty Solutions #191,contact191@business191.com,online,San Diego,500
B0192,National Food & Beverage Inc #192,contact192@business192.com,retail,Seattle,500
B0193,Global Electronics Group #193,contact193@business193.com,online,Indianapolis,500
B0194,First Office Supplies LLC #194,contact194@business194.com,manufacturer,Philadelphia,500
B0195,Metro Toys Group #195,contact195@business195.com,online,San Jose,500
B0196,Elite Beauty Group #196,contact196@business196.com,wholesale,Fort Worth,500
B0197,National Office Supplies Solutions #197,contact197@business197.com,manufacturer,Seattle,500
B0198,National Books Corp #198,contact198@business198.com,distributor,Los Angeles,500
B0199,Global Food & Beverage Solutions #199,contact199@business199.com,wholesale,Seattle,500
B0200,First Clothing Co #200,contact200@business200.com,manufacturer,Fort Worth,500
B0201,Metro Office Supplies Solutions #201,contact201@business201.com,retail,Columbus,500
B0202,National Beauty Group #202,contact202@business202.com,distributor,Philadelphia,500
B0203,Elite Office Supplies Solutions #203,contact203@business203.com,manufacturer,Dallas,500
B0204,Metro Food & Beverage Solutions #204,contact204@business204.com,manufacturer,Phoenix,500
B0205,Elite Automotive Inc #205,contact205@business205.com,distributor,San Jose,500
B0206,Elite Food & Beverage Solutions #206,contact206@business206.com,manufacturer,New York,500
B0207,United Food & Beverage Enterprises #207,contact207@business207.com,retail,Chicago,500
B0208,Premier Clothing Co #208,contact208@business208.com,online,Washington DC,500
B0209,Elite Home & Garden Corp #209,contact209@business209.com,online,Charlotte,500
B0210,Global Toys LLC #210,contact210@business210.com,wholesale,San Antonio,500
B0211,Metro Office Supplies Co #211,contact211@business211.com,online,New York,500
B0212,Metro Electronics Corp #212,contact212@business212.com,wholesale,Austin,500
B0213,Elite Office Supplies Inc #213,contact213@business213.com,distributor,San Antonio,500
B0214,Global Beauty Enterprises #214,contact214@business214.com,distributor,Denver,500
B0215,United Automotive Inc #215,contact215@business215.com,manufacturer,Fort Worth,500
B0216,Metro Electronics Group #216,contact216@business216.com,distributor,Austin,500
B0217,United Clothing LLC #217,contact217@business217.com,retail,San Jose,500
B0218,First Toys Corp #218,contact218@business218.com,online,Dallas,500
B0219,Global Beauty Solutions #219,contact219@business219.com,wholesale,Phoenix,500
B0220,United Clothing Co #220,contact220@business220.com,wholesale,Indianapolis,500
B0221,United Home & Garden Solutions #221,contact221@business221.com,distributor,San Jose,500
B0222,First Food & Beverage Enterprises #222,contact222@business222.com,distributor,Philadelphia,500
B0223,Metro Electronics Group #223,contact223@business223.com,distributor,Jacksonville,500
B0224,United Books Inc #224,contact224@business224.com,online,San Francisco,500
B0225,Metro Food & Beverage Co #225,contact225@business225.com,manufacturer,Columbus,500
B0226,National Home & Garden Solutions #226,contact226@business226.com,distributor,Indianapolis,500
B0227,National Toys Group #227,contact227@business227.com,retail,Phoenix,500
B0228,United Sports Enterprises #228,contact228@business228.com,online,Los Angeles,500
B0229,First Toys Co #229,contact229@business229.com,distributor,Houston,500
B0230,Premier Books LLC #230,contact230@business230.com,retail,Los Angeles,500
B0231,Metro Office Supplies Enterprises #231,contact231@business231.com,distributor,Los Angeles,500
B0232,First Clothing Co #232,contact232@business232.com,distributor,Los Angeles,500
B0233,Metro Automotive Group #233,contact233@business233.com,wholesale,Fort Worth,500
B0234,National Clothing Enterprises #234,contact234@business234.com,online,Philadelphia,500
B0235,First Beauty LLC #235,contact235@business235.com,online,Chicago,500
B0236,Global Automotive Enterprises #236,contact236@business236.com,distributor,San Diego,500
B0237,United Beauty Enterprises #237,contact237@business237.com,manufacturer,Philadelphia,500
B0238,United Beauty Co #238,contact238@business238.com,online,San Francisco,500
B0239,National Books Group #239,contact239@business239.com,retail,Houston,500
B0240,Elite Automotive LLC #240,contact240@business240.com,online,San Antonio,500
B0241,United Beauty Inc #241,contact241@business241.com,online,New York,500
B0242,First Clothing Solutions #242,contact242@business242.com,manufacturer,Austin,500
B0243,Metro Food & Beverage LLC #243,contact243@business243.com,retail,Charlotte,500
B0244,Metro Office Supplies Corp #244,contact244@business244.com,wholesale,Charlotte,500
B0245,Premier Sports Inc #245,contact245@business245.com,online,Fort Worth,500
B0246,First Clothing LLC #246,contact246@business246.com,online,Washington DC,500
B0247,Elite Food & Beverage Enterprises #247,contact247@business247.com,manufacturer,Chicago,500
B0248,National Food & Beverage Solutions #248,contact248@business248.com,wholesale,San Francisco,500
B0249,United Toys Enterprises #249,contact249@business249.com,online,Columbus,500
B0250,Premier Electronics Group #250,contact250@business250.com,wholesale,San Francisco,500
B0251,Premier Food & Beverage Solutions #251,contact251@business251.com,distributor,San Francisco,500
B0252,United Office Supplies Corp #252,contact252@business252.com,manufacturer,New York,500
B0253,Global Automotive LLC #253,contact253@business253.com,online,Phoenix,500
B0254,First Office Supplies Enterprises #254,contact254@business254.com,manufacturer,Columbus,500
B0255,United Automotive Enterprises #255,contact255@business255.com,retail,Jacksonville,500
B0256,Global Beauty Group #256,contact256@business256.com,online,Washington DC,500
B0257,Elite Home & Garden Enterprises #257,contact257@business257.com,retail,Los Angeles,500
B0258,National Food & Beverage LLC #258,contact258@business258.com,wholesale,Los Angeles,500
B0259,Premier Beauty Group #259,contact259@business259.com,distributor,Jacksonville,500
B0260,Global Books Enterprises #260,contact260@business260.com,manufacturer,Fort Worth,500
B0261,First Office Supplies Solutions #261,contact261@business261.com,retail,Austin,500
B0262,Premier Food & Beverage Corp #262,contact262@business262.com,online,Houston,500
B0263,Metro Sports Enterprises #263,contact263@business263.com,distributor,Houston,500
B0264,Premier Office Supplies Group #264,contact264@business264.com,retail,Houston,500
B0265,National Books Enterprises #265,contact265@business265.com,distributor,New York,500
B0266,Metro Food & Beverage LLC #266,contact266@business266.com,retail,Philadelphia,500
B0267,First Home & Garden Group #267,contact267@business267.com,retail,Fort Worth,500
B0268,National Toys Co #268,contact268@business268.com,distributor,Jacksonville,500
B0269,Elite Automotive Inc #269,contact269@business269.com,wholesale,San Diego,500
B0270,Premier Automotive Solutions #270,contact270@business270.com,online,Dallas,500
B0271,Premier Automotive Group #271,contact271@business271.com,online,Philadelphia,500
B0272,Premier Electronics Corp #272,contact272@business272.com,online,Fort Worth,500
B0273,First Sports Enterprises #273,contact273@business273.com,online,San Francisco,500
B0274,Elite Sports Solutions #274,contact274@business274.com,retail,San Francisco,500
B0275,Global Books Enterprises #275,contact275@business275.com,distributor,Denver,500
B0276,First Electronics Enterprises #276,contact276@business276.com,manufacturer,Jacksonville,500
B0277,National Sports Group #277,contact277@business277.com,distributor,Dallas,500
B0278,Global Sports LLC #278,contact278@business278.com,online,Fort Worth,500
B0279,United Beauty Corp #279,contact279@business279.com,wholesale,San Antonio,500
B0280,Premier Beauty Group #280,contact280@business280.com,online,Phoenix,500
B0281,First Electronics Solutions #281,contact281@business281.com,distributor,Philadelphia,500
B0282,Premier Clothing Solutions #282,contact282@business282.com,manufacturer,San Jose,500
B0283,Metro Automotive Co #283,contact283@business283.com,manufacturer,New York,500
B0284,Metro Automotive Solutions #284,contact284@business284.com,distributor,Dallas,500
B0285,Premier Electronics Co #285,contact285@business285.com,manufacturer,Dallas,500
B0286,United Food & Beverage Group #286,contact286@business286.com,distributor,San Diego,500
B0287,National Home & Garden LLC #287,contact287@business287.com,distributor,Washington DC,500
B0288,Global Food & Beverage Group #288,contact288@business288.com,distributor,San Antonio,500
B0289,Metro Electronics Corp #289,contact289@business289.com,retail,Phoenix,500
B0290,Premier Automotive Solutions #290,contact290@business290.com,distributor,Charlotte,500
B0291,First Office Supplies Solutions #291,contact291@business291.com,retail,Columbus,500
B0292,Elite Toys LLC #292,contact292@business292.com,wholesale,San Francisco,500
B0293,Metro Clothing Group #293,contact293@business293.com,manufacturer,Dallas,500
B0294,Metro Electronics Co #294,contact294@business294.com,wholesale,Charlotte,500
B0295,Global Toys Corp #295,contact295@business295.com,manufacturer,Washington DC,500
B0296,Elite Food & Beverage Co #296,contact296@business296.com,distributor,New York,500
B0297,Metro Clothing Solutions #297,contact297@business297.com,wholesale,Dallas,500
B0298,Premier Clothing Solutions #298,contact298@business298.com,wholesale,Columbus,500
B0299,First Beauty Corp #299,contact299@business299.com,retail,San Jose,500
B0300,National Food & Beverage LLC #300,contact300@business300.com,retail,Columbus,500
B0301,Metro Sports Corp #301,contact301@business301.com,manufacturer,Indianapolis,500
B0302,Metro Automotive Solutions #302,contact302@business302.com,online,San Jose,500
B0303,Metro Sports Inc #303,contact303@business303.com,wholesale,San Francisco,500
B0304,National Food & Beverage Enterprises #304,contact304@business304.com,manufacturer,Dallas,500
B0305,Metro Toys LLC #305,contact305@business305.com,manufacturer,Chicago,500
B0306,Premier Electronics Co #306,contact306@business306.com,manufacturer,Denver,500
B0307,United Food & Beverage Enterprises #307,contact307@business307.com,online,San Francisco,500
B0308,United Electronics Solutions #308,contact308@business308.com,wholesale,Philadelphia,500
B0309,Metro Sports Co #309,contact309@business309.com,wholesale,Chicago,500
B0310,United Home & Garden Solutions #310,contact310@business310.com,wholesale,Austin,500
B0311,Premier Clothing Solutions #311,contact311@business311.com,wholesale,Chicago,500
B0312,First Beauty Co #312,contact312@business312.com,online,San Diego,500
B0313,United Office Supplies Solutions #313,contact313@business313.com,distributor,Indianapolis,500
B0314,Global Clothing Corp #314,contact314@business314.com,online,Chicago,500
B0315,Metro Beauty LLC #315,contact315@business315.com,retail,Los Angeles,500
B0316,First Home & Garden Enterprises #316,contact316@business316.com,manufacturer,Jacksonville,500
B0317,United Clothing Corp #317,contact317@business317.com,retail,San Antonio,500
B0318,Global Sports Corp #318,contact318@business318.com,online,San Diego,500
B0319,National Toys Solutions #319,contact319@business319.com,online,San Diego,500
B0320,Global Clothing Group #320,contact320@business320.com,distributor,Columbus,500
B0321,Global Automotive Solutions #321,contact321@business321.com,retail,Fort Worth,500
B0322,First Toys Corp #322,contact322@business322.com,manufacturer,Seattle,500
B0323,National Beauty LLC #323,contact323@business323.com,distributor,Philadelphia,500
B0324,First Books Inc #324,contact324@business324.com,manufacturer,San Jose,500
B0325,National Food & Beverage Enterprises #325,contact325@business325.com,wholesale,Jacksonville,500
B0326,Premier Toys Corp #326,contact326@business326.com,online,San Jose,500
B0327,Metro Office Supplies Enterprises #327,contact327@business327.com,online,San Jose,500
B0328,Premier Automotive Inc #328,contact328@business328.com,retail,Denver,500
B0329,United Automotive Group #329,contact329@business329.com,online,Dallas,500
B0330,National Automotive Inc #330,contact330@business330.com,manufacturer,New York,500
B0331,Premier Sports Enterprises #331,contact331@business331.com,retail,Los Angeles,500
B0332,Metro Office Supplies LLC #332,contact332@business332.com,wholesale,New York,500
B0333,National Clothing Group #333,contact333@business333.com,wholesale,Denver,500
B0334,United Books Corp #334,contact334@business334.com,distributor,Fort Worth,500
B0335,Global Automotive Enterprises #335,contact335@business335.com,retail,Seattle,500
B0336,Premier Automotive Solutions #336,contact336@business336.com,distributor,Chicago,500
B0337,Global Automotive Inc #337,contact337@business337.com,retail,Los Angeles,500
B0338,National Books Solutions #338,contact338@business338.com,retail,Jacksonville,500
B0339,First Electronics Co #339,contact339@business339.com,retail,Columbus,500
B0340,Premier Automotive Co #340,contact340@business340.com,wholesale,New York,500
B0341,Metro Office Supplies Enterprises #341,contact341@business341.com,distributor,Charlotte,500
B0342,First Beauty Enterprises #342,contact342@business342.com,manufacturer,Phoenix,500
B0343,First Home & Garden Enterprises #343,contact343@business343.com,distributor,Charlotte,500
B0344,Global Automotive Corp #344,contact344@business344.com,retail,Phoenix,500
B0345,First Office Supplies Solutions #345,contact345@business345.com,retail,Los Angeles,500
B0346,United Office Supplies Co #346,contact346@business346.com,distributor,Houston,500
B0347,First Electronics Enterprises #347,contact347@business347.com,online,San Diego,500
B0348,United Food & Beverage Group #348,contact348@business348.com,distributor,Jacksonville,500
B0349,Elite Books LLC #349,contact349@business349.com,manufacturer,Washington DC,500
B0350,Premier Toys Enterprises #350,contact350@business350.com,wholesale,Philadelphia,500
B0351,United Clothing Inc #351,contact351@business351.com,online,Indianapolis,500
B0352,United Books Enterprises #352,contact352@business352.com,online,San Jose,500
B0353,National Food & Beverage Inc #353,contact353@business353.com,distributor,Philadelphia,500
B0354,First Clothing Group #354,contact354@business354.com,online,Charlotte,500
B0355,National Books Corp #355,contact355@business355.com,distributor,Denver,500
B0356,Global Home & Garden Enterprises #356,contact356@business356.com,online,Seattle,500
B0357,Global Office Supplies LLC #357,contact357@business357.com,manufacturer,Austin,500
B0358,Elite Beauty Co #358,contact358@business358.com,distributor,Dallas,500
B0359,Global Office Supplies Group #359,contact359@business359.com,retail,Washington DC,500
B0360,Premier Beauty Co #360,contact360@business360.com,online,Indianapolis,500
B0361,Elite Home & Garden Inc #361,contact361@business361.com,distributor,Columbus,500
B0362,First Sports LLC #362,contact362@business362.com,online,Austin,500
B0363,National Food & Beverage Enterprises #363,contact363@business363.com,retail,San Francisco,500
B0364,Elite Electronics Solutions #364,contact364@business364.com,online,San Diego,500
B0365,Metro Beauty LLC #365,contact365@business365.com,retail,Seattle,500
B0366,First Home & Garden LLC #366,contact366@business366.com,wholesale,Austin,500
B0367,Premier Electronics Co #367,contact367@business367.com,online,Dallas,500
B0368,Premier Books Enterprises #368,contact368@business368.com,retail,Columbus,500
B0369,Elite Electronics LLC #369,contact369@business369.com,distributor,Seattle,500
B0370,First Home & Garden Inc #370,contact370@business370.com,online,Fort Worth,500
B0371,Elite Toys Co #371,contact371@business371.com,distributor,San Francisco,500
B0372,Metro Food & Beverage Inc #372,contact372@business372.com,retail,San Antonio,500
B0373,First Toys Inc #373,contact373@business373.com,manufacturer,Charlotte,500
B0374,First Office Supplies Solutions #374,contact374@business374.com,manufacturer,Charlotte,500
B0375,National Office Supplies LLC #375,contact375@business375.com,distributor,Jacksonville,500
B0376,Elite Office Supplies Inc #376,contact376@business376.com,distributor,San Francisco,500
B0377,Metro Electronics Inc #377,contact377@business377.com,retail,Los Angeles,500
B0378,National Beauty LLC #378,contact378@business378.com,wholesale,Chicago,500
B0379,United Clothing Solutions #379,contact379@business379.com,wholesale,San Francisco,500
B0380,First Electronics Corp #380,contact380@business380.com,online,Dallas,500
B0381,Elite Office Supplies LLC #381,contact381@business381.com,wholesale,San Francisco,500
B0382,First Automotive Enterprises #382,contact382@business382.com,retail,Indianapolis,500
B0383,Elite Sports Solutions #383,contact383@business383.com,distributor,Denver,500
B0384,First Office Supplies Corp #384,contact384@business384.com,manufacturer,Fort Worth,500
B0385,National Automotive Inc #385,contact385@business385.com,online,Philadelphia,500
B0386,Premier Office Supplies Corp #386,contact386@business386.com,retail,San Antonio,500
B0387,Premier Food & Beverage Group #387,contact387@business387.com,retail,Dallas,500
B0388,Metro Beauty Corp #388,contact388@business388.com,retail,Dallas,500
B0389,Premier Beauty Corp #389,contact389@business389.com,distributor,Phoenix,500
B0390,Global Toys Co #390,contact390@business390.com,distributor,Phoenix,500
B0391,Global Home & Garden Inc #391,contact391@business391.com,manufacturer,San Jose,500
B0392,Elite Electronics LLC #392,contact392@business392.com,online,Jacksonville,500
B0393,First Sports Solutions #393,contact393@business393.com,online,Seattle,500
B0394,United Home & Garden LLC #394,contact394@business394.com,retail,Philadelphia,500
B0395,Global Office Supplies Group #395,contact395@business395.com,online,San Diego,500
B0396,First Electronics Group #396,contact396@business396.com,manufacturer,Phoenix,500
B0397,First Clothing Corp #397,contact397@business397.com,wholesale,Jacksonville,500
B0398,First Beauty Inc #398,contact398@business398.com,distributor,Phoenix,500
B0399,Premier Electronics Solutions #399,contact399@business399.com,online,Los Angeles,500
B0400,Metro Beauty LLC #400,contact400@business400.com,retail,Chicago,500
B0401,United Electronics LLC #401,contact401@business401.com,online,Philadelphia,500
B0402,Elite Beauty Co #402,contact402@business402.com,manufacturer,Austin,500
B0403,National Clothing LLC #403,contact403@business403.com,distributor,Houston,500
B0404,Elite Beauty Inc #404,contact404@business404.com,retail,Indianapolis,500
B0405,United Automotive Group #405,contact405@business405.com,distributor,Columbus,500
B0406,Global Electronics Inc #406,contact406@business406.com,manufacturer,Austin,500
B0407,Elite Toys Group #407,contact407@business407.com,distributor,Los Angeles,500
B0408,National Office Supplies Co #408,contact408@business408.com,distributor,Chicago,500
B0409,First Electronics Inc #409,contact409@business409.com,distributor,San Diego,500
B0410,Metro Sports Corp #410,contact410@business410.com,manufacturer,Seattle,500
B0411,National Beauty Inc #411,contact411@business411.com,online,Phoenix,500
B0412,Elite Office Supplies Group #412,contact412@business412.com,online,Houston,500
B0413,United Food & Beverage Inc #413,contact413@business413.com,distributor,Charlotte,500
B0414,Elite Clothing Enterprises #414,contact414@business414.com,wholesale,Chicago,500
B0415,Metro Electronics Co #415,contact415@business415.com,distributor,San Antonio,500
B0416,Elite Clothing Inc #416,contact416@business416.com,wholesale,Denver,500
B0417,National Beauty LLC #417,contact417@business417.com,retail,San Diego,500
B0418,United Automotive LLC #418,contact418@business418.com,manufacturer,Charlotte,500
B0419,United Beauty Corp #419,contact419@business419.com,distributor,Washington DC,500
B0420,National Food & Beverage Group #420,contact420@business420.com,wholesale,Fort Worth,500
B0421,Global Automotive Inc #421,contact421@business421.com,distributor,San Antonio,500
B0422,Premier Office Supplies Inc #422,contact422@business422.com,online,Los Angeles,500
B0423,Global Books Inc #423,contact423@business423.com,manufacturer,Seattle,500
B0424,National Beauty Solutions #424,contact424@business424.com,wholesale,San Diego,500
B0425,Global Automotive Solutions #425,contact425@business425.com,online,Los Angeles,500
B0426,Global Electronics Inc #426,contact426@business426.com,online,New York,500
B0427,National Sports LLC #427,contact427@business427.com,online,San Jose,500
B0428,Metro Electronics Corp #428,contact428@business428.com,manufacturer,San Antonio,500
B0429,United Automotive Corp #429,contact429@business429.com,wholesale,Jacksonville,500
B0430,Metro Automotive Co #430,contact430@business430.com,wholesale,Austin,500
B0431,First Electronics Enterprises #431,contact431@business431.com,distributor,Houston,500
B0432,United Toys Co #432,contact432@business432.com,online,Dallas,500
B0433,Elite Home & Garden Corp #433,contact433@business433.com,wholesale,Houston,500
B0434,Global Sports LLC #434,contact434@business434.com,retail,Seattle,500
B0435,Premier Home & Garden Inc #435,contact435@business435.com,manufacturer,Dallas,500
B0436,Premier Automotive Corp #436,contact436@business436.com,distributor,Jacksonville,500
B0437,National Beauty Corp #437,contact437@business437.com,online,Jacksonville,500
B0438,First Books Co #438,contact438@business438.com,distributor,Jacksonville,500
B0439,National Beauty Corp #439,contact439@business439.com,retail,San Jose,500
B0440,Metro Electronics LLC #440,contact440@business440.com,wholesale,Charlotte,500
B0441,Metro Toys Group #441,contact441@business441.com,distributor,Washington DC,500
B0442,National Sports Group #442,contact442@business442.com,manufacturer,Philadelphia,500
B0443,Metro Toys Inc #443,contact443@business443.com,online,Seattle,500
B0444,Metro Home & Garden Inc #444,contact444@business444.com,online,Philadelphia,500
B0445,United Sports Corp #445,contact445@business445.com,manufacturer,Seattle,500
B0446,United Food & Beverage Co #446,contact446@business446.com,wholesale,Houston,500
B0447,First Clothing Corp #447,contact447@business447.com,online,Indianapolis,500
B0448,Global Sports Group #448,contact448@business448.com,manufacturer,Jacksonville,500
B0449,Premier Electronics Co #449,contact449@business449.com,wholesale,Indianapolis,500
B0450,Metro Clothing Enterprises #450,contact450@business450.com,manufacturer,Los Angeles,500
B0451,National Automotive Corp #451,contact451@business451.com,distributor,Columbus,500
B0452,Metro Sports LLC #452,contact452@business452.com,manufacturer,Austin,500
B0453,United Electronics Co #453,contact453@business453.com,online,Austin,500
B0454,Metro Electronics Corp #454,contact454@business454.com,manufacturer,Jacksonville,500
B0455,United Office Supplies Co #455,contact455@business455.com,retail,San Diego,500
B0456,Elite Food & Beverage Inc #456,contact456@business456.com,online,Fort Worth,500
B0457,Global Office Supplies Inc #457,contact457@business457.com,wholesale,Jacksonville,500
B0458,Metro Office Supplies Co #458,contact458@business458.com,retail,Indianapolis,500
B0459,Metro Automotive Group #459,contact459@business459.com,manufacturer,Los Angeles,500
B0460,Elite Sports Group #460,contact460@business460.com,online,Denver,500
B0461,First Electronics LLC #461,contact461@business461.com,distributor,Indianapolis,500
B0462,First Toys Enterprises #462,contact462@business462.com,distributor,Washington DC,500
B0463,First Electronics LLC #463,contact463@business463.com,online,Phoenix,500
B0464,United Beauty Solutions #464,contact464@business464.com,wholesale,Denver,500
B0465,National Electronics Corp #465,contact465@business465.com,manufacturer,Washington DC,500
B0466,Metro Food & Beverage Group #466,contact466@business466.com,online,Denver,500
B0467,Global Beauty Solutions #467,contact467@business467.com,distributor,San Jose,500
B0468,First Electronics Solutions #468,contact468@business468.com,online,Jacksonville,500
B0469,Elite Home & Garden LLC #469,contact469@business469.com,manufacturer,San Antonio,500
B0470,United Beauty Co #470,contact470@business470.com,wholesale,Fort Worth,500
B0471,Global Toys Inc #471,contact471@business471.com,manufacturer,Dallas,500
B0472,Global Home & Garden Corp #472,contact472@business472.com,retail,Fort Worth,500
B0473,Elite Sports Corp #473,contact473@business473.com,retail,Austin,500
B0474,Global Electronics Inc #474,contact474@business474.com,wholesale,Indianapolis,500
B0475,Elite Office Supplies Solutions #475,contact475@business475.com,distributor,San Antonio,500
B0476,Metro Beauty Co #476,contact476@business476.com,manufacturer,Washington DC,500
B0477,United Automotive Inc #477,contact477@business477.com,retail,Fort Worth,500
B0478,Premier Home & Garden Corp #478,contact478@business478.com,wholesale,Austin,500
B0479,Metro Office Supplies Co #479,contact479@business479.com,retail,Jacksonville,500
B0480,First Clothing Corp #480,contact480@business480.com,manufacturer,New York,500
B0481,National Food & Beverage Enterprises #481,contact481@business481.com,manufacturer,Los Angeles,500
B0482,Premier Office Supplies Enterprises #482,contact482@business482.com,manufacturer,New York,500
B0483,National Electronics LLC #483,contact483@business483.com,wholesale,Denver,500
B0484,Metro Office Supplies Inc #484,contact484@business484.com,retail,Fort Worth,500
B0485,First Automotive LLC #485,contact485@business485.com,online,Seattle,500
B0486,Elite Beauty Co #486,contact486@business486.com,online,San Francisco,500
B0487,United Automotive Group #487,contact487@business487.com,retail,Fort Worth,500
B0488,First Electronics Group #488,contact488@business488.com,wholesale,Columbus,500
B0489,First Sports Corp #489,contact489@business489.com,retail,Charlotte,500
B0490,Metro Electronics LLC #490,contact490@business490.com,distributor,Denver,500
B0491,First Clothing LLC #491,contact491@business491.com,wholesale,Phoenix,500
B0492,Elite Electronics Enterprises #492,contact492@business492.com,manufacturer,Indianapolis,500
B0493,National Home & Garden Group #493,contact493@business493.com,manufacturer,Dallas,500
B0494,Premier Electronics Enterprises #494,contact494@business494.com,retail,San Jose,500
B0495,Premier Sports LLC #495,contact495@business495.com,online,Jacksonville,500
B0496,Metro Automotive Group #496,contact496@business496.com,distributor,Los Angeles,500
B0497,First Clothing Co #497,contact497@business497.com,manufacturer,San Diego,500
B0498,United Clothing Inc #498,contact498@business498.com,retail,Washington DC,500
B0499,First Electronics Corp #499,contact499@business499.com,manufacturer,Chicago,500
B0500,Elite Automotive LLC #500,contact500@business500.com,distributor,Seattle,500
B0501,Global Food & Beverage Solutions #501,contact501@business501.com,retail,Jacksonville,500
B0502,Metro Home & Garden Solutions #502,contact502@business502.com,retail,Houston,500
B0503,Elite Sports Group #503,contact503@business503.com,retail,Chicago,500
B0504,Global Clothing Co #504,contact504@business504.com,manufacturer,Indianapolis,500
B0505,Premier Automotive Solutions #505,contact505@business505.com,wholesale,Washington DC,500
B0506,Metro Books Inc #506,contact506@business506.com,manufacturer,San Francisco,500
B0507,United Beauty Corp #507,contact507@business507.com,manufacturer,Denver,500
B0508,Metro Clothing Corp #508,contact508@business508.com,distributor,San Francisco,500
B0509,National Clothing Group #509,contact509@business509.com,distributor,San Diego,500
B0510,Elite Home & Garden Co #510,contact510@business510.com,retail,Columbus,500
B0511,Premier Office Supplies Corp #511,contact511@business511.com,distributor,Seattle,500
B0512,Elite Sports Group #512,contact512@business512.com,distributor,Denver,500
B0513,National Electronics Solutions #513,contact513@business513.com,wholesale,San Diego,500
B0514,Metro Clothing Enterprises #514,contact514@business514.com,wholesale,Houston,500
B0515,United Automotive Group #515,contact515@business515.com,wholesale,Columbus,500
B0516,United Toys Enterprises #516,contact516@business516.com,wholesale,Jacksonville,500
B0517,First Home & Garden Inc #517,contact517@business517.com,distributor,Indianapolis,500
B0518,Global Clothing Inc #518,contact518@business518.com,wholesale,Seattle,500
B0519,United Food & Beverage Group #519,contact519@business519.com,online,Charlotte,500
B0520,United Books Co #520,contact520@business520.com,wholesale,Charlotte,500
B0521,Premier Sports Corp #521,contact521@business521.com,retail,Seattle,500
B0522,Global Sports Enterprises #522,contact522@business522.com,distributor,Chicago,500
B0523,National Books Inc #523,contact523@business523.com,manufacturer,Jacksonville,500
B0524,First Toys LLC #524,contact524@business524.com,wholesale,Phoenix,500
B0525,Global Home & Garden Enterprises #525,contact525@business525.com,distributor,Philadelphia,500
B0526,Premier Office Supplies Inc #526,contact526@business526.com,online,Philadelphia,500
B0527,National Sports Group #527,contact527@business527.com,distributor,Dallas,500
B0528,First Automotive LLC #528,contact528@business528.com,distributor,Indianapolis,500
B0529,Elite Automotive Co #529,contact529@business529.com,wholesale,Houston,500
B0530,National Automotive Co #530,contact530@business530.com,wholesale,Los Angeles,500
B0531,Global Electronics Group #531,contact531@business531.com,distributor,Houston,500
B0532,First Home & Garden Co #532,contact532@business532.com,retail,Philadelphia,500
B0533,Metro Books Group #533,contact533@business533.com,distributor,Houston,500
B0534,Metro Electronics LLC #534,contact534@business534.com,retail,Chicago,500
B0535,Premier Electronics Enterprises #535,contact535@business535.com,distributor,Philadelphia,500
B0536,Premier Electronics Inc #536,contact536@business536.com,wholesale,Jacksonville,500
B0537,United Toys Co #537,contact537@business537.com,wholesale,Jacksonville,500
B0538,Premier Automotive Enterprises #538,contact538@business538.com,retail,New York,500
B0539,First Office Supplies LLC #539,contact539@business539.com,online,Los Angeles,500
B0540,Global Sports Group #540,contact540@business540.com,manufacturer,Los Angeles,500
B0541,National Toys Group #541,contact541@business541.com,online,San Antonio,500
B0542,Elite Toys Group #542,contact542@business542.com,distributor,Dallas,500
B0543,Global Office Supplies Corp #543,contact543@business543.com,retail,Indianapolis,500
B0544,Metro Office Supplies Corp #544,contact544@business544.com,manufacturer,Los Angeles,500
B0545,Metro Clothing Solutions #545,contact545@business545.com,manufacturer,San Diego,500
B0546,United Books Group #546,contact546@business546.com,online,Los Angeles,500
B0547,National Office Supplies LLC #547,contact547@business547.com,retail,San Antonio,500
B0548,National Office Supplies Enterprises #548,contact548@business548.com,online,Philadelphia,500
B0549,Metro Home & Garden Group #549,contact549@business549.com,distributor,San Antonio,500
B0550,National Electronics Co #550,contact550@business550.com,distributor,Phoenix,500
B0551,National Electronics Corp #551,contact551@business551.com,online,Houston,500
B0552,National Food & Beverage Corp #552,contact552@business552.com,manufacturer,New York,500
B0553,Elite Food & Beverage Co #553,contact553@business553.com,distributor,Fort Worth,500
B0554,Global Beauty Co #554,contact554@business554.com,wholesale,Houston,500
B0555,Metro Toys Enterprises #555,contact555@business555.com,retail,Philadelphia,500
B0556,United Automotive Corp #556,contact556@business556.com,wholesale,Washington DC,500
B0557,Global Clothing LLC #557,contact557@business557.com,retail,Phoenix,500
B0558,Premier Home & Garden Enterprises #558,contact558@business558.com,wholesale,Los Angeles,500
B0559,National Home & Garden Inc #559,contact559@business559.com,wholesale,Chicago,500
B0560,First Clothing Corp #560,contact560@business560.com,distributor,Charlotte,500
B0561,Premier Food & Beverage Corp #561,contact561@business561.com,retail,Dallas,500
B0562,Global Office Supplies Co #562,contact562@business562.com,online,Phoenix,500
B0563,United Home & Garden Co #563,contact563@business563.com,wholesale,San Jose,500
B0564,United Home & Garden Corp #564,contact564@business564.com,online,Washington DC,500
B0565,Global Automotive Inc #565,contact565@business565.com,distributor,Denver,500
B0566,National Office Supplies Group #566,contact566@business566.com,manufacturer,Los Angeles,500
B0567,Global Home & Garden Inc #567,contact567@business567.com,wholesale,Dallas,500
B0568,Metro Office Supplies Inc #568,contact568@business568.com,retail,Houston,500
B0569,United Toys Enterprises #569,contact569@business569.com,online,San Diego,500
B0570,Global Electronics Solutions #570,contact570@business570.com,distributor,Columbus,500
B0571,Metro Books Solutions #571,contact571@business571.com,distributor,Austin,500
B0572,First Automotive Inc #572,contact572@business572.com,manufacturer,Philadelphia,500
B0573,Premier Toys Inc #573,contact573@business573.com,wholesale,Austin,500
B0574,United Automotive Co #574,contact574@business574.com,online,San Francisco,500
B0575,National Sports Inc #575,contact575@business575.com,distributor,Chicago,500
B0576,Metro Toys Corp #576,contact576@business576.com,manufacturer,Charlotte,500
B0577,United Clothing LLC #577,contact577@business577.com,manufacturer,Fort Worth,500
B0578,Premier Electronics Corp #578,contact578@business578.com,wholesale,Philadelphia,500
B0579,United Food & Beverage Corp #579,contact579@business579.com,distributor,San Jose,500
B0580,Global Electronics Enterprises #580,contact580@business580.com,manufacturer,Denver,500
B0581,First Beauty Corp #581,contact581@business581.com,retail,Seattle,500
B0582,Global Clothing Group #582,contact582@business582.com,distributor,Phoenix,500
B0583,Elite Automotive Group #583,contact583@business583.com,online,Columbus,500
B0584,Global Office Supplies Co #584,contact584@business584.com,retail,Jacksonville,500
B0585,Elite Clothing Inc #585,contact585@business585.com,distributor,Dallas,500
B0586,Global Clothing Solutions #586,contact586@business586.com,wholesale,San Jose,500
B0587,Metro Electronics Co #587,contact587@business587.com,manufacturer,Seattle,500
B0588,National Clothing Group #588,contact588@business588.com,online,San Antonio,500
B0589,National Electronics LLC #589,contact589@business589.com,retail,Phoenix,500
B0590,Elite Home & Garden Group #590,contact590@business590.com,wholesale,Dallas,500
B0591,Elite Electronics LLC #591,contact591@business591.com,distributor,New York,500
B0592,First Clothing Enterprises #592,contact592@business592.com,manufacturer,Washington DC,500
B0593,Premier Office Supplies Solutions #593,contact593@business593.com,distributor,Denver,500
B0594,Elite Home & Garden Group #594,contact594@business594.com,manufacturer,Seattle,500
B0595,Premier Beauty Group #595,contact595@business595.com,online,Phoenix,500
B0596,United Electronics Solutions #596,contact596@business596.com,retail,Fort Worth,500
B0597,United Books LLC #597,contact597@business597.com,manufacturer,San Antonio,500
B0598,Elite Books LLC #598,contact598@business598.com,distributor,Washington DC,500
B0599,Premier Electronics Group #599,contact599@business599.com,online,Jacksonville,500
B0600,Premier Beauty Inc #600,contact600@business600.com,online,Denver,500
B0601,Premier Clothing Group #601,contact601@business601.com,distributor,San Diego,500
B0602,Elite Beauty LLC #602,contact602@business602.com,manufacturer,Phoenix,500
B0603,Metro Books Co #603,contact603@business603.com,online,Columbus,500
B0604,Elite Books Solutions #604,contact604@business604.com,retail,Washington DC,500
B0605,Metro Sports Co #605,contact605@business605.com,wholesale,San Antonio,500
B0606,Global Toys Group #606,contact606@business606.com,online,Dallas,500
B0607,United Automotive Enterprises #607,contact607@business607.com,online,Jacksonville,500
B0608,United Food & Beverage Corp #608,contact608@business608.com,manufacturer,Columbus,500
B0609,First Beauty LLC #609,contact609@business609.com,distributor,San Jose,500
B0610,Global Beauty Solutions #610,contact610@business610.com,online,Philadelphia,500
B0611,United Electronics Corp #611,contact611@business611.com,wholesale,Charlotte,500
B0612,Metro Toys Co #612,contact612@business612.com,manufacturer,Charlotte,500
B0613,Elite Home & Garden LLC #613,contact613@business613.com,online,Washington DC,500
B0614,Premier Office Supplies Group #614,contact614@business614.com,manufacturer,Charlotte,500
B0615,First Electronics Corp #615,contact615@business615.com,manufacturer,Philadelphia,500
B0616,Elite Sports Co #616,contact616@business616.com,wholesale,Austin,500
B0617,Elite Home & Garden Corp #617,contact617@business617.com,distributor,Denver,500
B0618,Elite Automotive Solutions #618,contact618@business618.com,manufacturer,San Jose,500
B0619,Elite Clothing Inc #619,contact619@business619.com,distributor,San Jose,500
B0620,United Office Supplies Co #620,contact620@business620.com,retail,San Diego,500
B0621,United Office Supplies Group #621,contact621@business621.com,online,San Jose,500
B0622,Metro Books Inc #622,contact622@business622.com,manufacturer,Fort Worth,500
B0623,National Toys Solutions #623,contact623@business623.com,retail,Fort Worth,500
B0624,Elite Electronics Co #624,contact624@business624.com,retail,Charlotte,500
B0625,Metro Automotive Enterprises #625,contact625@business625.com,wholesale,Philadelphia,500
B0626,First Electronics Co #626,contact626@business626.com,distributor,Charlotte,500
B0627,Metro Food & Beverage LLC #627,contact627@business627.com,manufacturer,Austin,500
B0628,Metro Clothing Inc #628,contact628@business628.com,retail,Houston,500
B0629,First Office Supplies Co #629,contact629@business629.com,distributor,Denver,500
B0630,First Beauty Co #630,contact630@business630.com,wholesale,Washington DC,500
B0631,Global Beauty Enterprises #631,contact631@business631.com,retail,Chicago,500
B0632,Elite Office Supplies Solutions #632,contact632@business632.com,online,San Diego,500
B0633,National Sports Inc #633,contact633@business633.com,retail,Dallas,500
B0634,Elite Sports LLC #634,contact634@business634.com,distributor,Indianapolis,500
B0635,Global Home & Garden Inc #635,contact635@business635.com,online,Indianapolis,500
B0636,Elite Clothing LLC #636,contact636@business636.com,retail,Denver,500
B0637,First Toys Group #637,contact637@business637.com,manufacturer,Fort Worth,500
B0638,First Electronics Enterprises #638,contact638@business638.com,manufacturer,San Diego,500
B0639,United Beauty Inc #639,contact639@business639.com,online,Indianapolis,500
B0640,First Food & Beverage Enterprises #640,contact640@business640.com,retail,Austin,500
B0641,United Home & Garden Inc #641,contact641@business641.com,distributor,Charlotte,500
B0642,Premier Office Supplies Group #642,contact642@business642.com,distributor,Phoenix,500
B0643,Metro Office Supplies LLC #643,contact643@business643.com,online,Fort Worth,500
B0644,Elite Clothing Corp #644,contact644@business644.com,wholesale,Fort Worth,500
B0645,National Electronics LLC #645,contact645@business645.com,wholesale,Jacksonville,500
B0646,Metro Beauty LLC #646,contact646@business646.com,manufacturer,New York,500
B0647,National Beauty Co #647,contact647@business647.com,online,Chicago,500
B0648,Premier Toys Co #648,contact648@business648.com,retail,New York,500
B0649,Premier Books LLC #649,contact649@business649.com,online,Seattle,500
B0650,National Electronics Solutions #650,contact650@business650.com,wholesale,Fort Worth,500
B0651,Elite Books Co #651,contact651@business651.com,retail,Charlotte,500
B0652,Global Toys Inc #652,contact652@business652.com,retail,Washington DC,500
B0653,National Toys Group #653,contact653@business653.com,online,San Francisco,500
B0654,Global Toys Group #654,contact654@business654.com,online,Houston,500
B0655,Metro Office Supplies Group #655,contact655@business655.com,manufacturer,Charlotte,500
B0656,United Home & Garden Co #656,contact656@business656.com,retail,Seattle,500
B0657,Premier Sports Corp #657,contact657@business657.com,wholesale,San Jose,500
B0658,United Sports Co #658,contact658@business658.com,online,Phoenix,500
B0659,National Food & Beverage Group #659,contact659@business659.com,retail,San Jose,500
B0660,National Food & Beverage Co #660,contact660@business660.com,retail,Denver,500
B0661,First Home & Garden LLC #661,contact661@business661.com,distributor,Washington DC,500
B0662,National Beauty Enterprises #662,contact662@business662.com,manufacturer,Indianapolis,500
B0663,United Books Inc #663,contact663@business663.com,online,Washington DC,500
B0664,Elite Beauty Inc #664,contact664@business664.com,distributor,Jacksonville,500
B0665,First Home & Garden Co #665,contact665@business665.com,retail,San Francisco,500
B0666,Elite Food & Beverage Solutions #666,contact666@business666.com,wholesale,Indianapolis,500
B0667,Premier Clothing Inc #667,contact667@business667.com,wholesale,Indianapolis,500
B0668,United Clothing Group #668,contact668@business668.com,wholesale,Dallas,500
B0669,First Clothing Solutions #669,contact669@business669.com,distributor,San Diego,500
B0670,Metro Home & Garden Group #670,contact670@business670.com,manufacturer,Indianapolis,500
B0671,Elite Office Supplies Corp #671,contact671@business671.com,distributor,New York,500
B0672,United Sports Solutions #672,contact672@business672.com,retail,San Francisco,500
B0673,Elite Beauty Enterprises #673,contact673@business673.com,wholesale,San Francisco,500
B0674,National Toys Corp #674,contact674@business674.com,online,Los Angeles,500
B0675,Elite Electronics Co #675,contact675@business675.com,manufacturer,San Francisco,500
B0676,National Toys Co #676,contact676@business676.com,online,San Diego,500
B0677,Elite Beauty Enterprises #677,contact677@business677.com,manufacturer,Columbus,500
B0678,Premier Beauty LLC #678,contact678@business678.com,online,Houston,500
B0679,Global Home & Garden Co #679,contact679@business679.com,retail,San Diego,500
B0680,National Office Supplies Enterprises #680,contact680@business680.com,wholesale,Indianapolis,500
B0681,Metro Home & Garden Group #681,contact681@business681.com,online,Seattle,500
B0682,United Automotive Inc #682,contact682@business682.com,online,San Francisco,500
B0683,Premier Clothing Inc #683,contact683@business683.com,manufacturer,Chicago,500
B0684,Premier Office Supplies Solutions #684,contact684@business684.com,retail,Jacksonville,500
B0685,Global Sports Inc #685,contact685@business685.com,distributor,San Jose,500
B0686,National Toys Co #686,contact686@business686.com,manufacturer,San Jose,500
B0687,Global Clothing Group #687,contact687@business687.com,distributor,Houston,500
B0688,Elite Office Supplies Group #688,contact688@business688.com,manufacturer,San Diego,500
B0689,Elite Toys Co #689,contact689@business689.com,manufacturer,Austin,500
B0690,Metro Electronics Enterprises #690,contact690@business690.com,wholesale,San Diego,500
B0691,First Books Enterprises #691,contact691@business691.com,online,Washington DC,500
B0692,Global Home & Garden Solutions #692,contact692@business692.com,online,Charlotte,500
B0693,United Sports Corp #693,contact693@business693.com,distributor,Washington DC,500
B0694,Metro Toys Solutions #694,contact694@business694.com,retail,San Antonio,500
B0695,Global Toys Solutions #695,contact695@business695.com,distributor,Indianapolis,500
B0696,Premier Office Supplies Inc #696,contact696@business696.com,distributor,Phoenix,500
B0697,Global Sports Co #697,contact697@business697.com,manufacturer,Los Angeles,500
B0698,First Food & Beverage Group #698,contact698@business698.com,retail,New York,500
B0699,Metro Automotive Group #699,contact699@business699.com,wholesale,Charlotte,500
B0700,Global Sports LLC #700,contact700@business700.com,wholesale,San Francisco,500
B0701,First Electronics Co #701,contact701@business701.com,manufacturer,Denver,500
B0702,Global Electronics Solutions #702,contact702@business702.com,online,Denver,500
B0703,Global Sports Enterprises #703,contact703@business703.com,online,Phoenix,500
B0704,Metro Books Co #704,contact704@business704.com,distributor,Austin,500
B0705,Global Toys Corp #705,contact705@business705.com,distributor,Houston,500
B0706,Elite Clothing Enterprises #706,contact706@business706.com,retail,Columbus,500
B0707,Global Automotive LLC #707,contact707@business707.com,wholesale,Phoenix,500
B0708,National Sports Group #708,contact708@business708.com,manufacturer,Austin,500
B0709,Metro Automotive LLC #709,contact709@business709.com,online,Charlotte,500
B0710,Metro Sports Enterprises #710,contact710@business710.com,online,Jacksonville,500
B0711,United Clothing Solutions #711,contact711@business711.com,distributor,Columbus,500
B0712,United Books Corp #712,contact712@business712.com,online,Phoenix,500
B0713,Global Toys LLC #713,contact713@business713.com,manufacturer,Washington DC,500
B0714,United Sports Corp #714,contact714@business714.com,manufacturer,Fort Worth,500
B0715,First Office Supplies Co #715,contact715@business715.com,online,San Jose,500
B0716,United Books LLC #716,contact716@business716.com,online,Indianapolis,500
B0717,Metro Automotive Group #717,contact717@business717.com,wholesale,San Jose,500
B0718,National Toys Enterprises #718,contact718@business718.com,manufacturer,Seattle,500
B0719,First Food & Beverage Corp #719,contact719@business719.com,manufacturer,Chicago,500
B0720,Elite Toys Inc #720,contact720@business720.com,wholesale,Seattle,500
B0721,National Office Supplies LLC #721,contact721@business721.com,manufacturer,Dallas,500
B0722,First Office Supplies Enterprises #722,contact722@business722.com,manufacturer,Los Angeles,500
B0723,Metro Electronics Corp #723,contact723@business723.com,retail,San Antonio,500
B0724,Premier Beauty LLC #724,contact724@business724.com,manufacturer,New York,500
B0725,United Toys Inc #725,contact725@business725.com,wholesale,Chicago,500
B0726,Premier Beauty Group #726,contact726@business726.com,wholesale,Indianapolis,500
B0727,Global Food & Beverage Inc #727,contact727@business727.com,wholesale,San Diego,500
B0728,Global Sports Solutions #728,contact728@business728.com,manufacturer,Washington DC,500
B0729,Elite Toys Co #729,contact729@business729.com,online,San Francisco,500
B0730,Global Toys Co #730,contact730@business730.com,distributor,Houston,500
B0731,National Automotive Enterprises #731,contact731@business731.com,manufacturer,Indianapolis,500
B0732,First Sports LLC #732,contact732@business732.com,manufacturer,Chicago,500
B0733,Metro Toys Solutions #733,contact733@business733.com,retail,Charlotte,500
B0734,First Sports Corp #734,contact734@business734.com,retail,San Jose,500
B0735,First Clothing Co #735,contact735@business735.com,distributor,New York,500
B0736,National Sports Group #736,contact736@business736.com,manufacturer,San Jose,500
B0737,United Home & Garden Group #737,contact737@business737.com,retail,San Francisco,500
B0738,First Books Co #738,contact738@business738.com,retail,Houston,500
B0739,Premier Books Solutions #739,contact739@business739.com,online,Charlotte,500
B0740,Global Toys Enterprises #740,contact740@business740.com,wholesale,Philadelphia,500
B0741,National Office Supplies Inc #741,contact741@business741.com,manufacturer,San Francisco,500
B0742,Metro Clothing LLC #742,contact742@business742.com,retail,New York,500
B0743,United Office Supplies Solutions #743,contact743@business743.com,retail,Houston,500
B0744,First Home & Garden Enterprises #744,contact744@business744.com,retail,New York,500
B0745,Premier Food & Beverage Enterprises #745,contact745@business745.com,distributor,San Francisco,500
B0746,First Home & Garden Inc #746,contact746@business746.com,distributor,Denver,500
B0747,Elite Food & Beverage Enterprises #747,contact747@business747.com,wholesale,Phoenix,500
B0748,Metro Toys LLC #748,contact748@business748.com,wholesale,Charlotte,500
B0749,Metro Electronics Co #749,contact749@business749.com,distributor,Washington DC,500
B0750,United Food & Beverage Solutions #750,contact750@business750.com,distributor,Dallas,500
B0751,Premier Office Supplies Inc #751,contact751@business751.com,online,Charlotte,500
B0752,Elite Books Inc #752,contact752@business752.com,retail,San Jose,500
B0753,Elite Electronics Corp #753,contact753@business753.com,online,Phoenix,500
B0754,Elite Office Supplies Corp #754,contact754@business754.com,manufacturer,Philadelphia,500
B0755,United Sports Inc #755,contact755@business755.com,retail,Indianapolis,500
B0756,Premier Electronics Enterprises #756,contact756@business756.com,retail,Austin,500
B0757,Metro Home & Garden Corp #757,contact757@business757.com,online,Charlotte,500
B0758,Premier Home & Garden Solutions #758,contact758@business758.com,distributor,Seattle,500
B0759,Premier Toys Corp #759,contact759@business759.com,wholesale,San Jose,500
B0760,First Books Group #760,contact760@business760.com,retail,San Antonio,500
B0761,United Books Solutions #761,contact761@business761.com,distributor,Houston,500
B0762,Metro Toys Solutions #762,contact762@business762.com,online,Jacksonville,500
B0763,United Beauty Enterprises #763,contact763@business763.com,online,Indianapolis,500
B0764,Premier Electronics Enterprises #764,contact764@business764.com,wholesale,Philadelphia,500
B0765,Global Office Supplies LLC #765,contact765@business765.com,wholesale,Jacksonville,500
B0766,National Beauty Inc #766,contact766@business766.com,wholesale,Jacksonville,500
B0767,Premier Toys Corp #767,contact767@business767.com,wholesale,Indianapolis,500
B0768,National Food & Beverage Group #768,contact768@business768.com,retail,Columbus,500
B0769,National Sports Enterprises #769,contact769@business769.com,manufacturer,San Antonio,500
B0770,Premier Electronics Solutions #770,contact770@business770.com,distributor,Philadelphia,500
B0771,Metro Food & Beverage Corp #771,contact771@business771.com,distributor,Austin,500
B0772,Premier Sports Solutions #772,contact772@business772.com,retail,Dallas,500
B0773,United Home & Garden Inc #773,contact773@business773.com,distributor,Denver,500
B0774,First Toys LLC #774,contact774@business774.com,distributor,Dallas,500
B0775,Global Clothing Group #775,contact775@business775.com,online,Columbus,500
B0776,National Office Supplies Inc #776,contact776@business776.com,online,Fort Worth,500
B0777,National Home & Garden Enterprises #777,contact777@business777.com,online,San Antonio,500
B0778,United Beauty Group #778,contact778@business778.com,manufacturer,Washington DC,500
B0779,Metro Beauty Co #779,contact779@business779.com,retail,Jacksonville,500
B0780,Global Office Supplies Corp #780,contact780@business780.com,wholesale,Austin,500
B0781,Premier Clothing Inc #781,contact781@business781.com,wholesale,Fort Worth,500
B0782,United Toys Corp #782,contact782@business782.com,manufacturer,San Antonio,500
B0783,Premier Home & Garden Corp #783,contact783@business783.com,retail,Seattle,500
B0784,Global Beauty LLC #784,contact784@business784.com,wholesale,Chicago,500
B0785,National Automotive LLC #785,contact785@business785.com,wholesale,Los Angeles,500
B0786,Metro Clothing Enterprises #786,contact786@business786.com,manufacturer,Austin,500
B0787,Metro Automotive Inc #787,contact787@business787.com,wholesale,Denver,500
B0788,National Automotive Corp #788,contact788@business788.com,manufacturer,Chicago,500
B0789,United Automotive LLC #789,contact789@business789.com,wholesale,Phoenix,500
B0790,First Office Supplies Enterprises #790,contact790@business790.com,wholesale,Denver,500
B0791,Premier Clothing Solutions #791,contact791@business791.com,wholesale,San Jose,500
B0792,Global Toys Inc #792,contact792@business792.com,online,Denver,500
B0793,Metro Clothing Co #793,contact793@business793.com,manufacturer,Dallas,500
B0794,United Home & Garden Enterprises #794,contact794@business794.com,distributor,Jacksonville,500
B0795,First Automotive Inc #795,contact795@business795.com,retail,Indianapolis,500
B0796,Elite Beauty LLC #796,contact796@business796.com,online,Philadelphia,500
B0797,National Sports Enterprises #797,contact797@business797.com,retail,Chicago,500
B0798,National Automotive LLC #798,contact798@business798.com,retail,Dallas,500
B0799,Elite Electronics LLC #799,contact799@business799.com,manufacturer,Charlotte,500
B0800,Premier Beauty Corp #800,contact800@business800.com,manufacturer,Washington DC,500
B0801,Premier Toys Co #801,contact801@business801.com,online,Los Angeles,500
B0802,National Automotive Co #802,contact802@business802.com,distributor,Philadelphia,500
B0803,Premier Home & Garden Inc #803,contact803@business803.com,manufacturer,Washington DC,500
B0804,Metro Electronics Inc #804,contact804@business804.com,distributor,Indianapolis,500
B0805,Global Beauty Solutions #805,contact805@business805.com,wholesale,Indianapolis,500
B0806,United Home & Garden Enterprises #806,contact806@business806.com,distributor,New York,500
B0807,Global Toys Inc #807,contact807@business807.com,wholesale,Chicago,500
B0808,National Automotive Group #808,contact808@business808.com,wholesale,San Antonio,500
B0809,Metro Electronics Enterprises #809,contact809@business809.com,distributor,New York,500
B0810,Global Sports Co #810,contact810@business810.com,distributor,Seattle,500
B0811,United Sports Corp #811,contact811@business811.com,wholesale,San Diego,500
B0812,Metro Electronics LLC #812,contact812@business812.com,online,San Antonio,500
B0813,Metro Office Supplies Co #813,contact813@business813.com,distributor,Indianapolis,500
B0814,Premier Toys Solutions #814,contact814@business814.com,manufacturer,San Antonio,500
B0815,Global Beauty Group #815,contact815@business815.com,manufacturer,San Jose,500
B0816,First Sports Corp #816,contact816@business816.com,online,Denver,500
B0817,Elite Clothing Inc #817,contact817@business817.com,distributor,Phoenix,500
B0818,Elite Office Supplies Enterprises #818,contact818@business818.com,online,San Diego,500
B0819,National Clothing Inc #819,contact819@business819.com,manufacturer,Chicago,500
B0820,Elite Office Supplies Corp #820,contact820@business820.com,retail,Columbus,500
B0821,First Clothing Corp #821,contact821@business821.com,wholesale,Philadelphia,500
B0822,National Office Supplies Corp #822,contact822@business822.com,manufacturer,San Francisco,500
B0823,First Books Solutions #823,contact823@business823.com,wholesale,Columbus,500
B0824,National Clothing Enterprises #824,contact824@business824.com,wholesale,Indianapolis,500
B0825,Global Beauty Inc #825,contact825@business825.com,online,Jacksonville,500
B0826,United Toys Solutions #826,contact826@business826.com,distributor,Washington DC,500
B0827,Premier Clothing LLC #827,contact827@business827.com,manufacturer,Philadelphia,500
B0828,Elite Electronics Enterprises #828,contact828@business828.com,distributor,Houston,500
B0829,National Beauty Inc #829,contact829@business829.com,online,San Francisco,500
B0830,Premier Sports Group #830,contact830@business830.com,distributor,Columbus,500
B0831,Metro Home & Garden Solutions #831,contact831@business831.com,manufacturer,Houston,500
B0832,Elite Office Supplies Solutions #832,contact832@business832.com,manufacturer,San Jose,500
B0833,National Books Co #833,contact833@business833.com,distributor,San Antonio,500
B0834,Elite Home & Garden Solutions #834,contact834@business834.com,online,Chicago,500
B0835,United Electronics Co #835,contact835@business835.com,online,Indianapolis,500
B0836,United Toys Co #836,contact836@business836.com,retail,Austin,500
B0837,Metro Beauty Corp #837,contact837@business837.com,wholesale,Columbus,500
B0838,Premier Sports Corp #838,contact838@business838.com,retail,Philadelphia,500
B0839,Premier Books LLC #839,contact839@business839.com,retail,Dallas,500
B0840,First Home & Garden Co #840,contact840@business840.com,online,Charlotte,500
B0841,First Beauty Group #841,contact841@business841.com,retail,San Jose,500
B0842,United Clothing Enterprises #842,contact842@business842.com,online,Chicago,500
B0843,Elite Books Solutions #843,contact843@business843.com,online,Columbus,500
B0844,Elite Books Co #844,contact844@business844.com,wholesale,Jacksonville,500
B0845,Elite Food & Beverage Enterprises #845,contact845@business845.com,retail,Columbus,500
B0846,United Automotive LLC #846,contact846@business846.com,distributor,San Francisco,500
B0847,Global Sports Solutions #847,contact847@business847.com,online,Philadelphia,500
B0848,First Toys Corp #848,contact848@business848.com,wholesale,Charlotte,500
B0849,Global Office Supplies Solutions #849,contact849@business849.com,distributor,Charlotte,500
B0850,National Books Enterprises #850,contact850@business850.com,wholesale,Seattle,500
B0851,United Automotive Enterprises #851,contact851@business851.com,wholesale,San Antonio,500
B0852,Metro Clothing Inc #852,contact852@business852.com,distributor,Philadelphia,500
B0853,Premier Clothing Solutions #853,contact853@business853.com,distributor,Charlotte,500
B0854,National Toys Co #854,contact854@business854.com,manufacturer,Jacksonville,500
B0855,Premier Beauty Inc #855,contact855@business855.com,wholesale,Philadelphia,500
B0856,Elite Sports Solutions #856,contact856@business856.com,wholesale,Phoenix,500
B0857,Elite Clothing Solutions #857,contact857@business857.com,online,San Francisco,500
B0858,National Automotive LLC #858,contact858@business858.com,distributor,San Antonio,500
B0859,Elite Office Supplies Group #859,contact859@business859.com,wholesale,Houston,500
B0860,Premier Beauty LLC #860,contact860@business860.com,manufacturer,San Jose,500
B0861,United Office Supplies Enterprises #861,contact861@business861.com,online,Washington DC,500
B0862,Elite Home & Garden Corp #862,contact862@business862.com,manufacturer,San Francisco,500
B0863,United Home & Garden Co #863,contact863@business863.com,wholesale,Los Angeles,500
B0864,Premier Sports Corp #864,contact864@business864.com,distributor,Seattle,500
B0865,Elite Automotive Inc #865,contact865@business865.com,manufacturer,Philadelphia,500
B0866,Elite Automotive LLC #866,contact866@business866.com,online,Jacksonville,500
B0867,Premier Electronics Solutions #867,contact867@business867.com,online,Los Angeles,500
B0868,Elite Beauty Solutions #868,contact868@business868.com,retail,Washington DC,500
B0869,National Toys Inc #869,contact869@business869.com,distributor,San Diego,500
B0870,National Sports Solutions #870,contact870@business870.com,manufacturer,Columbus,500
B0871,Global Office Supplies Inc #871,contact871@business871.com,distributor,New York,500
B0872,United Home & Garden LLC #872,contact872@business872.com,distributor,Austin,500
B0873,United Books LLC #873,contact873@business873.com,retail,New York,500
B0874,Global Automotive Corp #874,contact874@business874.com,online,Houston,500
B0875,First Electronics Corp #875,contact875@business875.com,online,Charlotte,500
B0876,United Automotive Group #876,contact876@business876.com,wholesale,Jacksonville,500
B0877,Metro Office Supplies Group #877,contact877@business877.com,retail,Dallas,500
B0878,Metro Beauty LLC #878,contact878@business878.com,wholesale,Denver,500
B0879,First Books Enterprises #879,contact879@business879.com,wholesale,Washington DC,500
B0880,United Books Co #880,contact880@business880.com,retail,Philadelphia,500
B0881,United Electronics LLC #881,contact881@business881.com,retail,Chicago,500
B0882,National Electronics LLC #882,contact882@business882.com,manufacturer,San Diego,500
B0883,First Clothing Solutions #883,contact883@business883.com,wholesale,Austin,500
B0884,United Home & Garden Corp #884,contact884@business884.com,wholesale,Fort Worth,500
B0885,National Sports Co #885,contact885@business885.com,manufacturer,San Francisco,500
B0886,First Home & Garden LLC #886,contact886@business886.com,retail,Los Angeles,500
B0887,Global Beauty Corp #887,contact887@business887.com,distributor,San Francisco,500
B0888,First Books Enterprises #888,contact888@business888.com,manufacturer,Philadelphia,500
B0889,First Beauty Solutions #889,contact889@business889.com,distributor,New York,500
B0890,United Automotive Co #890,contact890@business890.com,retail,Houston,500
B0891,Elite Food & Beverage Co #891,contact891@business891.com,wholesale,Columbus,500
B0892,First Electronics LLC #892,contact892@business892.com,distributor,Charlotte,500
B0893,Premier Office Supplies Co #893,contact893@business893.com,manufacturer,Jacksonville,500
B0894,United Books Inc #894,contact894@business894.com,retail,San Antonio,500
B0895,Metro Electronics Co #895,contact895@business895.com,retail,Austin,500
B0896,National Toys Enterprises #896,contact896@business896.com,manufacturer,San Antonio,500
B0897,Metro Books Co #897,contact897@business897.com,online,San Jose,500
B0898,Metro Clothing Inc #898,contact898@business898.com,retail,Jacksonville,500
B0899,United Sports Solutions #899,contact899@business899.com,online,Seattle,500
B0900,Premier Sports Solutions #900,contact900@business900.com,wholesale,Philadelphia,500
B0901,Elite Books Co #901,contact901@business901.com,retail,San Antonio,500
B0902,First Beauty Corp #902,contact902@business902.com,distributor,Austin,500
B0903,First Books Solutions #903,contact903@business903.com,online,Denver,500
B0904,United Office Supplies Corp #904,contact904@business904.com,retail,Washington DC,500
B0905,Premier Books Group #905,contact905@business905.com,manufacturer,Fort Worth,500
B0906,Global Toys Solutions #906,contact906@business906.com,retail,Phoenix,500
B0907,Premier Clothing Co #907,contact907@business907.com,online,Austin,500
B0908,First Beauty Corp #908,contact908@business908.com,wholesale,San Diego,500
B0909,First Office Supplies LLC #909,contact909@business909.com,manufacturer,Jacksonville,500
B0910,National Food & Beverage Enterprises #910,contact910@business910.com,distributor,New York,500
B0911,Elite Toys Co #911,contact911@business911.com,retail,Denver,500
B0912,National Sports LLC #912,contact912@business912.com,wholesale,Jacksonville,500
B0913,Elite Home & Garden Group #913,contact913@business913.com,distributor,Austin,500
B0914,National Office Supplies Inc #914,contact914@business914.com,manufacturer,Houston,500
B0915,United Clothing Group #915,contact915@business915.com,retail,Jacksonville,500
B0916,First Automotive Group #916,contact916@business916.com,wholesale,Philadelphia,500
B0917,Metro Food & Beverage Inc #917,contact917@business917.com,distributor,Columbus,500
B0918,First Home & Garden Enterprises #918,contact918@business918.com,distributor,Columbus,500
B0919,Premier Toys Enterprises #919,contact919@business919.com,manufacturer,Chicago,500
B0920,Global Books Corp #920,contact920@business920.com,wholesale,Los Angeles,500
B0921,United Automotive Corp #921,contact921@business921.com,manufacturer,Seattle,500
B0922,United Beauty LLC #922,contact922@business922.com,manufacturer,Jacksonville,500
B0923,Global Automotive Group #923,contact923@business923.com,manufacturer,San Diego,500
B0924,Premier Automotive LLC #924,contact924@business924.com,retail,Charlotte,500
B0925,Premier Food & Beverage Enterprises #925,contact925@business925.com,retail,Dallas,500
B0926,Global Sports Enterprises #926,contact926@business926.com,online,Seattle,500
B0927,Metro Home & Garden Group #927,contact927@business927.com,distributor,San Antonio,500
B0928,United Beauty Group #928,contact928@business928.com,distributor,Chicago,500
B0929,Premier Electronics Enterprises #929,contact929@business929.com,retail,San Diego,500
B0930,Premier Books LLC #930,contact930@business930.com,online,Chicago,500
B0931,Premier Office Supplies Inc #931,contact931@business931.com,retail,Indianapolis,500
B0932,Elite Office Supplies LLC #932,contact932@business932.com,online,Los Angeles,500
B0933,Premier Sports Group #933,contact933@business933.com,online,Jacksonville,500
B0934,United Office Supplies Co #934,contact934@business934.com,online,Charlotte,500
B0935,Premier Beauty LLC #935,contact935@business935.com,distributor,San Jose,500
B0936,Elite Automotive Corp #936,contact936@business936.com,online,San Francisco,500
B0937,Elite Electronics Corp #937,contact937@business937.com,manufacturer,Seattle,500
B0938,Elite Books Co #938,contact938@business938.com,distributor,Austin,500
B0939,Global Toys Group #939,contact939@business939.com,retail,Washington DC,500
B0940,National Food & Beverage Enterprises #940,contact940@business940.com,manufacturer,Seattle,500
B0941,United Clothing LLC #941,contact941@business941.com,wholesale,Philadelphia,500
B0942,United Books Co #942,contact942@business942.com,distributor,Chicago,500
B0943,First Automotive Corp #943,contact943@business943.com,distributor,San Antonio,500
B0944,Elite Toys Enterprises #944,contact944@business944.com,online,Seattle,500
B0945,Elite Office Supplies Co #945,contact945@business945.com,manufacturer,Charlotte,500
B0946,Premier Food & Beverage Inc #946,contact946@business946.com,online,Dallas,500
B0947,Global Office Supplies Group #947,contact947@business947.com,distributor,Philadelphia,500
B0948,United Electronics Co #948,contact948@business948.com,manufacturer,Indianapolis,500
B0949,Metro Automotive Corp #949,contact949@business949.com,online,San Diego,500
B0950,Premier Books Enterprises #950,contact950@business950.com,distributor,San Antonio,500
B0951,First Food & Beverage Group #951,contact951@business951.com,distributor,Dallas,500
B0952,National Clothing Solutions #952,contact952@business952.com,distributor,Jacksonville,500
B0953,Premier Home & Garden Co #953,contact953@business953.com,online,Fort Worth,500
B0954,Premier Automotive Enterprises #954,contact954@business954.com,manufacturer,Charlotte,500
B0955,Elite Books LLC #955,contact955@business955.com,distributor,San Francisco,500
B0956,United Office Supplies Solutions #956,contact956@business956.com,wholesale,Washington DC,500
B0957,United Books Group #957,contact957@business957.com,manufacturer,Fort Worth,500
B0958,Global Beauty Enterprises #958,contact958@business958.com,retail,Phoenix,500
B0959,National Books LLC #959,contact959@business959.com,retail,Charlotte,500
B0960,Metro Home & Garden Corp #960,contact960@business960.com,wholesale,New York,500
B0961,Elite Sports Enterprises #961,contact961@business961.com,distributor,San Jose,500
B0962,National Automotive Co #962,contact962@business962.com,online,Chicago,500
B0963,Metro Automotive Group #963,contact963@business963.com,wholesale,San Jose,500
B0964,Metro Home & Garden Solutions #964,contact964@business964.com,distributor,Houston,500
B0965,United Toys Co #965,contact965@business965.com,wholesale,San Jose,500
B0966,National Books Solutions #966,contact966@business966.com,distributor,San Francisco,500
B0967,First Home & Garden Inc #967,contact967@business967.com,wholesale,Dallas,500
B0968,Metro Beauty Corp #968,contact968@business968.com,manufacturer,Indianapolis,500
B0969,National Books Enterprises #969,contact969@business969.com,wholesale,Dallas,500
B0970,Premier Beauty Enterprises #970,contact970@business970.com,distributor,Chicago,500
B0971,Premier Clothing Solutions #971,contact971@business971.com,distributor,San Jose,500
B0972,Premier Clothing Co #972,contact972@business972.com,manufacturer,Austin,500
B0973,Elite Beauty Enterprises #973,contact973@business973.com,online,Houston,500
B0974,Global Toys Enterprises #974,contact974@business974.com,wholesale,Jacksonville,500
B0975,Premier Sports Group #975,contact975@business975.com,distributor,Washington DC,500
B0976,Metro Electronics Enterprises #976,contact976@business976.com,manufacturer,Denver,500
B0977,Metro Beauty Solutions #977,contact977@business977.com,wholesale,Denver,500
B0978,Global Books Group #978,contact978@business978.com,online,New York,500
B0979,First Toys Group #979,contact979@business979.com,manufacturer,San Diego,500
B0980,Global Office Supplies Solutions #980,contact980@business980.com,manufacturer,Philadelphia,500
B0981,National Home & Garden Enterprises #981,contact981@business981.com,wholesale,Seattle,500
B0982,Global Books Co #982,contact982@business982.com,retail,Indianapolis,500
B0983,National Food & Beverage LLC #983,contact983@business983.com,distributor,San Jose,500
B0984,Premier Electronics Enterprises #984,contact984@business984.com,retail,Denver,500
B0985,Elite Electronics Solutions #985,contact985@business985.com,online,San Jose,500
B0986,National Automotive Corp #986,contact986@business986.com,distributor,Washington DC,500
B0987,Elite Electronics Inc #987,contact987@business987.com,manufacturer,Denver,500
B0988,Global Sports Inc #988,contact988@business988.com,distributor,Philadelphia,500
B0989,Global Clothing Inc #989,contact989@business989.com,wholesale,Chicago,500
B0990,United Clothing Co #990,contact990@business990.com,wholesale,San Diego,500
B0991,Elite Toys Co #991,contact991@business991.com,online,Jacksonville,500
B0992,United Clothing Corp #992,contact992@business992.com,retail,Chicago,500
B0993,Elite Toys Corp #993,contact993@business993.com,retail,San Francisco,500
B0994,Premier Office Supplies Inc #994,contact994@business994.com,manufacturer,San Francisco,500
B0995,Metro Office Supplies Corp #995,contact995@business995.com,wholesale,Washington DC,500
B0996,Metro Home & Garden Inc #996,contact996@business996.com,online,Charlotte,500
B0997,United Office Supplies Group #997,contact997@business997.com,distributor,Los Angeles,500
B0998,First Home & Garden Corp #998,contact998@business998.com,online,San Antonio,500
B0999,Premier Automotive LLC #999,contact999@business999.com,manufacturer,Denver,500
B1000,First Books LLC #1000,contact1000@business1000.com,manufacturer,Houston,500
